,action_p,action_r,action_z,al_pitch,al_roll,al_yaw,angular_x,angular_y,angular_z,linear_acc_bodyx,linear_acc_bodyy,linear_acc_bodyz,pidz_out,pidzv_out,pos_x,pos_y,pos_z,time,velocity_x,velocity_y,velocity_z,winlose
0,0.05093690338436149,-0.04884595164060294,2.01,0.006397303288449338,-0.0051797265523616754,-0.0006491977796096786,-0.2292367823156947,0.05429761575530038,0.036544569408109004,-0.011070242151618004,0.14571407437324782,21.027023315429688,0,0,-0.0205069854855535,-0.0006491977796096786,0.3236587941646576,0.04508090019226074,-0.01874979026615655,0.25679612159729004,-3.3417580127716064,0
1,0.1009369033843615,-0.09884595164060295,2.0199999999999996,0.006397303288449338,-0.0051797265523616754,-0.0006491977796096786,-0.2292367823156947,0.05429761575530038,0.036544569408109004,0.0024693526793271303,0.20480701327324177,21.46662712097168,0,0,-0.0205069854855535,-0.0006491977796096786,0.3236587941646576,0.050514936447143555,-0.01874979026615655,0.25679612159729004,-3.3417580127716064,0
